<?xml version="1.0"?>
<doc>
    <assembly>
        <name>Plugin.Iconize.EntypoPlus</name>
    </assembly>
    <members>
        <member name="T:Plugin.Iconize.Fonts.EntypoPlusCollection">
            <summary>
            Defines the <see cref="T:Plugin.Iconize.Fonts.EntypoPlusCollection" /> icon collection.
            </summary>
        </member>
        <member name="P:Plugin.Iconize.Fonts.EntypoPlusCollection.Icons">
            <summary>
            Gets the icons.
            </summary>
            <value>
            The icons.
            </value>
        </member>
        <member name="M:Plugin.Iconize.Fonts.EntypoPlusCollection.#cctor">
            <summary>
            Initializes the <see cref="T:Plugin.Iconize.Fonts.EntypoPlusCollection" /> class.
            </summary>
        </member>
        <member name="T:Plugin.Iconize.Fonts.EntypoPlusModule">
            <summary>
            Defines the <see cref="T:Plugin.Iconize.Fonts.EntypoPlusModule" /> icon module.
            </summary>
            <seealso cref="T:Plugin.Iconize.IconModule" />
        </member>
        <member name="M:Plugin.Iconize.Fonts.EntypoPlusModule.#ctor">
            <summary>
            Initializes a new instance of the <see cref="T:Plugin.Iconize.Fonts.EntypoPlusModule" /> class.
            </summary>
        </member>
    </members>
</doc>
