<?xml version="1.0"?>
<doc>
    <assembly>
        <name>Plugin.Iconize.SimpleLineIcons</name>
    </assembly>
    <members>
        <member name="T:Plugin.Iconize.Fonts.SimpleLineIconsCollection">
            <summary>
            Defines the <see cref="T:Plugin.Iconize.Fonts.SimpleLineIconsCollection" /> icon collection.
            </summary>
        </member>
        <member name="P:Plugin.Iconize.Fonts.SimpleLineIconsCollection.Icons">
            <summary>
            Gets the icons.
            </summary>
            <value>The icons.</value>
        </member>
        <member name="M:Plugin.Iconize.Fonts.SimpleLineIconsCollection.#cctor">
            <summary>
            Initializes the <see cref="T:Plugin.Iconize.Fonts.SimpleLineIconsCollection" /> class.
            </summary>
        </member>
        <member name="T:Plugin.Iconize.Fonts.SimpleLineIconsModule">
            <summary>
            Defines the <see cref="T:Plugin.Iconize.Fonts.SimpleLineIconsModule" /> icon module.
            </summary>
            <seealso cref="T:Plugin.Iconize.IconModule" />
        </member>
        <member name="M:Plugin.Iconize.Fonts.SimpleLineIconsModule.#ctor">
            <summary>
            Initializes a new instance of the <see cref="T:Plugin.Iconize.Fonts.SimpleLineIconsModule" /> class.
            </summary>
        </member>
    </members>
</doc>
