<?xml version="1.0"?>
<doc>
    <assembly>
        <name>Plugin.Iconize.Material.iOS</name>
    </assembly>
    <members>
        <member name="T:Plugin.Iconize.Fonts.MaterialCollection">
            <summary>
            Defines the <see cref="T:Plugin.Iconize.Fonts.MaterialCollection" /> icon collection.
            </summary>
        </member>
        <member name="P:Plugin.Iconize.Fonts.MaterialCollection.Icons">
            <summary>
            Gets the icons.
            </summary>
            <value>
            The icons.
            </value>
        </member>
        <member name="M:Plugin.Iconize.Fonts.MaterialCollection.#cctor">
            <summary>
            Initializes the <see cref="T:Plugin.Iconize.Fonts.MaterialCollection" /> class.
            </summary>
        </member>
        <member name="T:Plugin.Iconize.Fonts.MaterialModule">
            <summary>
            Defines the <see cref="T:Plugin.Iconize.Fonts.MaterialModule" /> icon module.
            </summary>
            <seealso cref="T:Plugin.Iconize.IconModule" />
        </member>
        <member name="M:Plugin.Iconize.Fonts.MaterialModule.#ctor">
            <summary>
            Initializes a new instance of the <see cref="T:Plugin.Iconize.Fonts.MaterialModule" /> class.
            </summary>
        </member>
    </members>
</doc>
